City_ID,City,Country,Date,Lat,Lng,Max Temp,Humidity,Cloudiness,Wind Speed,Current Description
0,Albany,US,2021-12-23 17:20:45,42.6001,-73.9662,29.64,36,55,5.01,broken clouds
1,Placerville,US,2021-12-23 17:35:06,38.7296,-120.7986,51.67,97,90,1.01,moderate rain
2,Kaitangata,NZ,2021-12-23 17:35:06,-46.2817,169.8464,51.93,85,95,2.89,overcast clouds
3,Dayong,CN,2021-12-23 17:35:06,25.0209,118.2898,62.89,73,100,2.39,overcast clouds
4,Ushuaia,AR,2021-12-23 17:30:09,-54.8,-68.3,60.46,41,75,3.44,broken clouds
5,Moose Factory,CA,2021-12-23 17:35:07,51.2585,-80.6094,-5.8,77,1,3.44,clear sky
6,Punta Arenas,CL,2021-12-23 17:27:00,-53.15,-70.9167,62.71,48,0,12.66,clear sky
7,Severo-Kurilsk,RU,2021-12-23 17:34:34,50.6789,156.125,29.19,68,85,19.84,light snow
8,Guerrero Negro,MX,2021-12-23 17:33:31,27.9769,-114.0611,69.93,45,100,7.4,overcast clouds
9,Sao Filipe,CV,2021-12-23 17:34:39,14.8961,-24.4956,75.88,70,0,7.61,clear sky
10,Fairbanks,US,2021-12-23 17:35:08,64.8378,-147.7164,7.09,84,90,6.91,light snow
11,Cape Town,ZA,2021-12-23 17:27:27,-33.9258,18.4232,74.12,66,0,5.01,clear sky
12,Jamestown,US,2021-12-23 17:24:46,42.097,-79.2353,30.72,70,100,7.0,overcast clouds
13,Busselton,AU,2021-12-23 17:25:16,-33.65,115.3333,60.08,79,19,12.06,few clouds
14,Codrington,AU,2021-12-23 17:35:08,-38.2667,141.9667,48.42,94,2,6.44,clear sky
15,Saint-Augustin,CA,2021-12-23 17:30:26,51.226,-58.6502,27.19,93,100,23.91,snow
16,Anicuns,BR,2021-12-23 17:35:09,-16.4611,-49.9617,72.48,95,100,2.73,heavy intensity rain
17,Bama,NG,2021-12-23 17:35:09,11.5221,13.6856,74.66,27,5,11.88,clear sky
18,Hilo,US,2021-12-23 17:25:20,19.7297,-155.09,70.29,49,90,10.36,heavy intensity rain
19,Taoudenni,ML,2021-12-23 17:35:09,22.6783,-3.9836,75.07,23,0,10.71,clear sky
20,Aklavik,CA,2021-12-23 17:35:10,68.2191,-135.0107,-12.17,76,75,0.0,broken clouds
21,Tuktoyaktuk,CA,2021-12-23 17:25:25,69.4541,-133.0374,-4.0,77,90,18.41,light snow
22,Pangnirtung,CA,2021-12-23 17:35:10,66.1451,-65.7125,5.0,61,20,0.0,few clouds
23,Mataura,NZ,2021-12-23 17:35:11,-46.1927,168.8643,50.49,87,99,0.96,overcast clouds
24,Cidreira,BR,2021-12-23 17:35:11,-30.1811,-50.2056,74.59,62,7,12.1,clear sky
25,Khatanga,RU,2021-12-23 17:35:11,71.9667,102.5,-19.08,89,95,6.51,overcast clouds
26,Hermanus,ZA,2021-12-23 17:25:26,-34.4187,19.2345,73.9,71,69,16.98,broken clouds
27,Suez,EG,2021-12-23 17:35:12,29.9737,32.5263,60.33,59,100,9.51,overcast clouds
28,Olinda,BR,2021-12-23 17:29:16,-8.0089,-34.8553,83.93,79,75,6.91,broken clouds
29,Rikitea,PF,2021-12-23 17:35:12,-23.1203,-134.9692,76.73,76,71,8.43,broken clouds
30,Tomakomai,JP,2021-12-23 17:35:13,42.6369,141.6033,18.18,92,20,3.44,few clouds
31,Chuy,UY,2021-12-23 17:34:33,-33.6971,-53.4616,76.8,52,0,11.14,clear sky
32,Avare,BR,2021-12-23 17:35:13,-23.0986,-48.9258,79.61,50,86,10.87,overcast clouds
33,Kailua,US,2021-12-23 17:30:35,21.4022,-157.7394,73.49,70,90,12.66,overcast clouds
34,Harper,LR,2021-12-23 17:29:42,4.375,-7.7169,83.59,70,17,9.57,few clouds
35,Ponta Do Sol,PT,2021-12-23 17:32:16,32.6667,-17.1,69.71,78,77,8.48,broken clouds
36,San Quintin,MX,2021-12-23 17:34:41,30.4833,-115.95,66.96,46,38,4.23,scattered clouds
37,Barrow,US,2021-12-23 17:35:14,71.2906,-156.7887,-9.38,77,75,16.11,broken clouds
38,Hobart,AU,2021-12-23 17:31:56,-42.8794,147.3294,55.06,76,40,3.0,scattered clouds
39,Medvedevo,RU,2021-12-23 17:35:14,56.6339,47.804,-14.28,99,63,5.59,broken clouds
40,Mackay,AU,2021-12-23 17:35:15,-21.15,149.2,76.05,88,1,0.0,clear sky
41,Manono,CD,2021-12-23 17:35:15,-7.3,27.4167,69.44,97,100,2.19,light rain
42,Arraial Do Cabo,BR,2021-12-23 17:34:40,-22.9661,-42.0278,78.76,83,90,12.66,overcast clouds
43,Cherskiy,RU,2021-12-23 17:35:16,68.75,161.3,-30.95,100,100,1.36,overcast clouds
44,Sitka,US,2021-12-23 17:33:28,57.0531,-135.33,28.29,86,90,0.0,mist
45,Kemin,KG,2021-12-23 17:36:16,42.7846,75.6892,34.32,75,89,3.29,light snow
46,Ribeira Grande,PT,2021-12-23 17:31:12,38.5167,-28.7,61.2,63,40,27.63,scattered clouds
47,Mount Gambier,AU,2021-12-23 17:33:25,-37.8333,140.7667,48.11,93,34,5.75,scattered clouds
48,Port Alfred,ZA,2021-12-23 17:33:23,-33.5906,26.891,63.16,80,100,8.48,overcast clouds
49,Rocha,UY,2021-12-23 17:36:17,-34.4833,-54.3333,80.29,43,0,13.2,clear sky
50,East London,ZA,2021-12-23 17:33:26,-33.0153,27.9116,61.74,88,75,2.3,light rain
51,Sur,OM,2021-12-23 17:36:17,22.5667,59.5289,72.91,75,0,2.19,clear sky
52,New Norfolk,AU,2021-12-23 17:36:18,-42.7826,147.0587,54.72,63,85,2.35,overcast clouds
53,Bilma,NE,2021-12-23 17:36:18,18.6853,12.9164,67.26,15,98,9.53,overcast clouds
54,Sioux Lookout,CA,2021-12-23 17:36:18,50.1001,-91.917,7.18,85,90,5.75,light snow
55,Xining,CN,2021-12-23 17:36:19,36.6167,101.7667,27.18,36,93,1.1,overcast clouds
56,Kushima,JP,2021-12-23 17:36:19,31.4583,131.2333,51.12,81,84,5.48,broken clouds
57,Palomares,MX,2021-12-23 17:36:20,17.15,-95.0667,75.09,68,80,8.79,broken clouds
58,Qaanaaq,GL,2021-12-23 17:36:20,77.484,-69.3632,25.95,81,100,4.43,overcast clouds
59,Nam Som,TH,2021-12-23 17:36:20,17.7704,102.1895,71.1,65,57,1.52,broken clouds
60,Voyvozh,RU,2021-12-23 17:36:21,62.892,54.9635,-16.78,97,84,6.76,broken clouds
61,Kirovskiy,RU,2021-12-23 17:36:21,45.0917,133.5136,-16.62,96,82,2.8,broken clouds
62,Bandarbeyla,SO,2021-12-23 17:36:21,9.4942,50.8122,76.46,67,9,12.93,clear sky
63,Tura,IN,2021-12-23 17:36:22,25.5198,90.2201,57.42,66,0,3.42,clear sky
64,Carnarvon,AU,2021-12-23 17:36:22,-24.8667,113.6333,75.27,78,0,20.71,light rain
65,Hithadhoo,MV,2021-12-23 17:33:29,-0.6,73.0833,82.11,72,87,3.8,overcast clouds
66,Mandalgovi,MN,2021-12-23 17:36:23,45.7625,106.2708,-4.59,71,0,5.79,clear sky
67,Hamilton,US,2021-12-23 17:35:24,39.1834,-84.5333,47.71,46,1,3.0,clear sky
68,Surt,LY,2021-12-23 17:36:23,31.2089,16.5887,60.76,45,69,2.8,broken clouds
69,Chokurdakh,RU,2021-12-23 17:36:24,70.6333,147.9167,-25.6,100,100,4.38,overcast clouds
70,Bluff,NZ,2021-12-23 17:36:24,-46.6,168.3333,50.81,75,92,13.6,overcast clouds
71,Svetlaya,RU,2021-12-23 17:29:16,46.5389,138.3297,-3.24,78,0,9.91,clear sky
72,Laguna,US,2021-12-23 17:29:59,38.421,-121.4238,55.22,96,90,5.01,light rain
73,Sinjar,IQ,2021-12-23 17:36:25,36.3209,41.8754,42.4,84,98,1.97,overcast clouds
74,Puerto Ayora,EC,2021-12-23 17:26:31,-0.7393,-90.3518,76.96,83,98,7.74,overcast clouds
75,San Policarpo,PH,2021-12-23 17:36:25,12.1791,125.5072,80.55,75,95,8.61,overcast clouds
76,Yellowknife,CA,2021-12-23 17:32:20,62.456,-114.3525,-13.59,86,90,8.05,light snow
77,Yarada,IN,2021-12-23 17:36:26,17.65,83.2667,70.12,94,0,2.3,mist
78,Mahebourg,MU,2021-12-23 17:34:33,-20.4081,57.7,80.89,78,75,3.44,broken clouds
79,Melur,IN,2021-12-23 17:36:26,10.05,78.3333,73.22,74,38,6.22,scattered clouds
80,Mar Del Plata,AR,2021-12-23 17:33:25,-38.0023,-57.5575,73.42,86,20,18.01,few clouds
81,Brainerd,US,2021-12-23 17:33:57,46.358,-94.2008,26.55,58,1,5.75,clear sky
82,Nanortalik,GL,2021-12-23 17:34:39,60.1432,-45.2371,30.74,55,91,9.37,overcast clouds
83,Korla,CN,2021-12-23 17:36:27,41.7597,86.1469,27.12,59,90,4.43,overcast clouds
84,Phan Thiet,VN,2021-12-23 17:36:27,10.9333,108.1,72.9,90,99,5.3,overcast clouds
85,Pevek,RU,2021-12-23 17:34:38,69.7008,170.3133,-18.87,98,100,3.06,overcast clouds
86,Aswan,EG,2021-12-23 17:36:27,24.0934,32.907,65.5,32,0,9.22,clear sky
87,Titel,RS,2021-12-23 17:36:28,45.2061,20.2944,36.0,61,100,8.01,overcast clouds
88,Ilo,PE,2021-12-23 17:36:28,-17.6394,-71.3375,74.26,73,0,9.22,clear sky
89,Andradina,BR,2021-12-23 17:37:29,-20.8961,-51.3794,96.15,31,34,11.48,scattered clouds
90,Chumikan,RU,2021-12-23 17:37:29,54.7183,135.315,-24.2,83,61,10.4,broken clouds
91,Bredasdorp,ZA,2021-12-23 17:32:20,-34.5322,20.0403,65.52,59,97,13.8,overcast clouds
92,Ojuelos De Jalisco,MX,2021-12-23 17:37:29,21.8667,-101.5833,67.77,10,2,2.71,clear sky
93,Souillac,MU,2021-12-23 17:37:30,-20.5167,57.5167,80.98,78,75,3.44,broken clouds
94,Thinadhoo,MV,2021-12-23 17:28:43,0.5333,72.9333,81.7,73,74,4.7,broken clouds
95,Usinsk,RU,2021-12-23 17:37:30,65.9939,57.5281,-7.44,92,86,16.53,overcast clouds
96,Bambous Virieux,MU,2021-12-23 17:37:31,-20.3428,57.7575,80.85,78,75,3.44,broken clouds
97,Butaritari,KI,2021-12-23 17:37:31,3.0707,172.7902,80.87,79,81,9.08,broken clouds
98,Zhezkazgan,KZ,2021-12-23 17:37:31,47.8043,67.7144,23.88,84,87,11.27,overcast clouds
99,Jumla,NP,2021-12-23 17:29:31,29.2747,82.1838,33.98,85,12,3.2,few clouds
100,Kapaa,US,2021-12-23 17:37:32,22.0752,-159.319,73.72,72,20,3.0,few clouds
101,Talnakh,RU,2021-12-23 17:37:32,69.4865,88.3972,9.21,59,95,18.9,overcast clouds
102,Hilsa,IN,2021-12-23 17:37:32,25.3167,85.2833,51.73,38,0,1.14,clear sky
103,Airai,TL,2021-12-23 17:37:33,-8.9266,125.4092,60.28,89,99,0.98,moderate rain
104,Lavrentiya,RU,2021-12-23 17:37:33,65.5833,-171.0,-5.57,93,95,4.52,overcast clouds
105,Avarua,CK,2021-12-23 17:37:33,-21.2078,-159.775,78.85,89,40,12.66,scattered clouds
106,Ranfurly,NZ,2021-12-23 17:37:34,-45.1333,170.1,47.64,96,99,2.01,overcast clouds
107,Upernavik,GL,2021-12-23 17:32:21,72.7868,-56.1549,25.05,81,99,2.66,overcast clouds
108,Semnan,IR,2021-12-23 17:37:34,35.5729,53.3971,40.3,47,0,2.55,clear sky
109,Broome,US,2021-12-23 17:37:35,42.2506,-75.833,30.7,72,90,1.99,light snow
110,Palmer,US,2021-12-23 17:30:49,42.1584,-72.3287,32.61,26,75,3.0,broken clouds
111,Atar,MR,2021-12-23 17:37:35,20.5169,-13.0499,80.38,16,0,9.82,clear sky
112,Waslala,NI,2021-12-23 17:37:35,13.2333,-85.3833,79.14,51,30,5.53,scattered clouds
113,Scottsboro,US,2021-12-23 17:37:36,34.6723,-86.0341,57.09,38,4,4.97,clear sky
114,Nouadhibou,MR,2021-12-23 17:37:36,20.931,-17.0347,69.6,60,0,9.84,clear sky
115,Anapolis,BR,2021-12-23 17:37:36,-16.3267,-48.9528,82.0,61,75,4.61,broken clouds
116,Ndele,CF,2021-12-23 17:37:37,8.4109,20.6473,83.66,22,18,6.04,few clouds
117,Meulaboh,ID,2021-12-23 17:37:37,4.1363,96.1285,76.39,85,15,1.72,few clouds
118,Chinsali,ZM,2021-12-23 17:37:37,-10.5414,32.0816,70.81,67,97,2.95,overcast clouds
119,Muzhi,RU,2021-12-23 17:29:40,65.3667,64.6667,-14.21,96,20,7.7,few clouds
120,Portland,US,2021-12-23 17:34:24,45.5234,-122.6762,44.58,91,75,1.01,broken clouds
121,Pokrovsk,UA,2021-12-23 17:33:02,48.282,37.1758,6.57,95,46,2.06,scattered clouds
122,Kirakira,SB,2021-12-23 17:37:38,-10.4544,161.9205,79.97,83,94,3.06,overcast clouds
123,Yenagoa,NG,2021-12-23 17:37:38,4.9247,6.2642,84.97,43,98,7.31,overcast clouds
124,Midland,US,2021-12-23 17:37:38,31.9974,-102.0779,72.48,14,1,6.91,clear sky
125,Bandrele,YT,2021-12-23 17:37:39,-12.9067,45.1914,83.95,79,20,10.36,few clouds
126,Maria La Baja,CO,2021-12-23 17:37:39,9.9832,-75.3016,87.64,72,44,5.06,scattered clouds
127,Arlit,NE,2021-12-23 17:37:39,18.7369,7.3853,71.55,11,60,17.22,broken clouds
128,Marawi,PH,2021-12-23 17:37:40,7.9986,124.2928,67.64,97,95,0.94,overcast clouds
129,Kungur,RU,2021-12-23 17:37:40,57.4368,56.9593,2.61,95,98,8.19,overcast clouds
130,Constitucion,CL,2021-12-23 17:34:32,-35.3333,-72.4167,65.57,66,56,9.71,broken clouds
131,Ajdabiya,LY,2021-12-23 17:38:41,30.7554,20.2263,58.35,78,85,1.97,overcast clouds
132,Evensk,RU,2021-12-23 17:38:41,61.95,159.2333,-1.43,79,100,16.06,overcast clouds
133,Port Hardy,CA,2021-12-23 17:34:39,50.6996,-127.4199,37.76,80,75,6.91,broken clouds
134,Nikolskoye,RU,2021-12-23 17:34:43,59.7035,30.7861,28.02,86,100,15.77,overcast clouds
135,Buala,SB,2021-12-23 17:38:42,-8.145,159.5921,80.01,80,100,1.81,light rain
136,Buraydah,SA,2021-12-23 17:38:42,26.326,43.975,64.85,27,77,9.22,broken clouds
137,Taltal,CL,2021-12-23 17:38:42,-25.4,-70.4833,70.23,67,85,4.34,overcast clouds
138,Saint-Denis,FR,2021-12-23 17:38:43,48.9167,2.3333,48.81,84,0,1.01,clear sky
139,Virginia Beach,US,2021-12-23 17:37:39,36.8529,-75.978,44.65,57,1,1.99,clear sky
140,Kununurra,AU,2021-12-23 17:34:41,-15.7667,128.7333,82.38,78,99,6.91,overcast clouds
141,Amazar,RU,2021-12-23 17:38:43,53.858,120.875,-22.18,87,48,5.17,scattered clouds
142,Shache,CN,2021-12-23 17:29:43,38.4167,77.2406,32.41,43,100,2.86,overcast clouds
143,Sinnamary,GF,2021-12-23 17:33:27,5.3833,-52.95,80.37,88,98,12.8,overcast clouds
144,San Patricio,US,2021-12-23 17:38:44,28.017,-97.5169,77.94,54,0,16.35,clear sky
145,Parabel,RU,2021-12-23 17:38:44,58.6978,81.4825,13.55,95,100,9.66,light snow
146,Grindavik,IS,2021-12-23 17:38:45,63.8424,-22.4338,33.75,69,0,8.05,clear sky
147,Imeni Poliny Osipenko,RU,2021-12-23 17:38:45,52.4201,136.4853,-9.71,98,100,2.91,light snow
148,Atuona,PF,2021-12-23 17:38:45,-9.8,-139.0333,79.16,77,17,19.35,few clouds
149,Iringa,TZ,2021-12-23 17:38:46,-7.7667,35.7,68.32,60,64,12.75,broken clouds
150,Tasiilaq,GL,2021-12-23 17:38:46,65.6145,-37.6368,23.16,51,0,7.52,clear sky
151,Arcachon,FR,2021-12-23 17:38:47,44.5875,-1.0519,55.72,87,100,4.61,overcast clouds
152,Suluq,LY,2021-12-23 17:38:47,31.6682,20.2521,55.53,80,71,2.62,broken clouds
153,Santa Rosa,PH,2021-12-23 17:38:47,14.3122,121.1114,80.58,79,30,5.41,scattered clouds
154,Chimbote,PE,2021-12-23 17:34:50,-9.0853,-78.5783,74.46,71,43,10.8,scattered clouds
155,Hualmay,PE,2021-12-23 17:29:04,-11.0964,-77.6139,73.83,73,77,9.66,broken clouds
156,Saint-Philippe,RE,2021-12-23 17:38:48,-21.3585,55.7679,80.19,84,100,2.33,overcast clouds
157,Narsaq,GL,2021-12-23 17:38:48,60.9167,-46.05,39.42,61,100,10.2,overcast clouds
158,Geraldton,AU,2021-12-23 17:38:48,-28.7667,114.6,72.01,73,0,13.8,clear sky
159,Richards Bay,ZA,2021-12-23 17:38:49,-28.783,32.0377,70.36,92,96,10.4,light rain
160,Ballina,AU,2021-12-23 17:38:49,-28.8667,153.5667,69.98,94,90,5.75,overcast clouds
161,Mengcheng,CN,2021-12-23 17:38:49,33.2579,116.5655,43.32,73,86,10.09,overcast clouds
162,Manta,EC,2021-12-23 17:30:24,-0.95,-80.7333,76.78,83,90,9.22,overcast clouds
163,Nurota,UZ,2021-12-23 17:30:31,40.5614,65.6886,32.09,61,6,8.57,clear sky
164,Mucuri,BR,2021-12-23 17:38:50,-18.0864,-39.5508,88.81,63,55,4.05,light rain
165,Natal,BR,2021-12-23 17:38:50,-5.795,-35.2094,90.25,66,75,12.66,broken clouds
166,Alta Floresta,BR,2021-12-23 17:38:51,-9.8756,-56.0861,82.22,83,40,4.61,scattered clouds
167,Saint-Pierre,RE,2021-12-23 17:34:34,-21.3393,55.4781,80.29,83,0,2.3,clear sky
168,Mugla,TR,2021-12-23 17:38:51,37.2303,28.3557,34.47,62,0,5.86,clear sky
169,Bathsheba,BB,2021-12-23 17:38:51,13.2167,-59.5167,84.81,61,75,16.11,broken clouds
170,Lompoc,US,2021-12-23 17:38:52,34.6391,-120.4579,59.31,83,1,21.0,light rain
171,Kodiak,US,2021-12-23 17:38:52,57.79,-152.4072,42.31,52,1,20.71,clear sky
172,Labuhan,ID,2021-12-23 17:38:52,-6.8844,112.2051,79.47,85,88,7.78,moderate rain
173,Iqaluit,CA,2021-12-23 17:38:53,63.7506,-68.5145,-4.54,86,73,4.59,broken clouds
174,Urucui,BR,2021-12-23 17:38:53,-7.2294,-44.5561,85.64,68,86,3.76,overcast clouds
175,San Andres,CO,2021-12-23 17:38:54,12.5847,-81.7006,82.42,74,40,11.5,scattered clouds
176,Torbay,CA,2021-12-23 17:30:14,47.6666,-52.7314,42.58,91,75,20.71,light rain
177,Balkanabat,TM,2021-12-23 17:30:02,39.5108,54.3671,44.65,66,100,7.14,overcast clouds
178,Ust-Nera,RU,2021-12-23 17:39:54,64.5667,143.2,-43.1,100,86,2.06,overcast clouds
179,Tiksi,RU,2021-12-23 17:39:55,71.6872,128.8694,-14.94,98,100,4.41,overcast clouds
180,Lhokseumawe,ID,2021-12-23 17:39:55,5.1801,97.1507,76.96,79,35,3.02,scattered clouds
181,Avon,US,2021-12-23 17:39:29,41.4517,-82.0354,33.71,57,90,11.01,overcast clouds
182,Barabinsk,RU,2021-12-23 17:39:56,55.3571,78.357,26.47,98,90,5.5,light snow
183,Pueblo,US,2021-12-23 17:39:56,38.2545,-104.6091,65.16,25,1,3.44,clear sky
184,Georgetown,MY,2021-12-23 17:39:56,5.4112,100.3354,80.89,88,20,3.0,few clouds
185,Thompson,CA,2021-12-23 17:37:31,55.7435,-97.8558,-29.04,68,75,0.0,broken clouds
186,North Bend,US,2021-12-23 17:39:57,43.4065,-124.2243,45.88,96,90,5.75,overcast clouds
187,Carballo,ES,2021-12-23 17:39:57,43.213,-8.691,58.01,82,67,8.61,broken clouds
188,Kargopol,RU,2021-12-23 17:39:57,61.5071,38.9456,16.56,93,100,11.23,light snow
189,Wewak,PG,2021-12-23 17:39:58,-3.5534,143.6268,78.94,85,100,4.38,overcast clouds
190,Pisco,PE,2021-12-23 17:39:58,-13.7,-76.2167,71.65,73,0,8.05,clear sky
191,Bairiki,KI,2021-12-23 17:39:58,1.3292,172.9752,78.8,83,20,2.3,few clouds
192,Impfondo,CG,2021-12-23 17:39:59,1.6381,18.0667,82.26,54,100,3.29,overcast clouds
193,Tezu,IN,2021-12-23 17:39:59,27.9167,96.1667,56.07,62,1,3.85,clear sky
194,Springdale,US,2021-12-23 17:35:01,36.1867,-94.1288,59.45,85,90,15.01,overcast clouds
195,Vaini,TO,2021-12-23 17:40:00,-21.2,-175.2,77.16,94,20,4.61,volcanic ash
196,Port Hedland,AU,2021-12-23 17:40:00,-20.3167,118.5667,78.85,83,4,0.0,clear sky
197,Ubinskoye,RU,2021-12-23 17:40:00,55.3068,79.6802,30.78,98,100,10.18,light snow
198,Ahipara,NZ,2021-12-23 17:33:32,-35.1667,173.1667,66.34,94,93,8.23,overcast clouds
199,Saskylakh,RU,2021-12-23 17:40:01,71.9167,114.0833,-38.88,100,76,1.48,broken clouds
200,Klaksvik,FO,2021-12-23 17:40:02,62.2266,-6.589,36.52,68,94,24.0,overcast clouds
201,Baykit,RU,2021-12-23 17:40:02,61.67,96.37,-19.05,98,66,2.04,broken clouds
202,Srandakan,ID,2021-12-23 17:40:03,-7.9386,110.2506,75.96,88,100,4.16,light rain
203,Coihaique,CL,2021-12-23 17:34:37,-45.5752,-72.0662,79.41,29,20,9.22,few clouds
204,Verkhnevilyuysk,RU,2021-12-23 17:40:03,63.4453,120.3167,-29.42,100,98,2.95,overcast clouds
205,Yarmouth,US,2021-12-23 17:40:04,41.7057,-70.2286,34.02,51,1,23.0,clear sky
206,Salinopolis,BR,2021-12-23 17:40:04,-0.6136,-47.3561,84.52,70,92,13.09,overcast clouds
207,Baijiantan,CN,2021-12-23 17:40:04,45.6333,85.1833,22.6,89,100,1.14,overcast clouds
208,Sorong,ID,2021-12-23 17:40:05,-0.8833,131.25,79.93,80,71,5.57,broken clouds
209,Dingle,PH,2021-12-23 17:40:05,10.9995,122.6711,73.67,90,79,6.87,broken clouds
210,Margate,GB,2021-12-23 17:40:06,51.3813,1.3862,51.96,90,100,5.01,overcast clouds
211,Vila Franca Do Campo,PT,2021-12-23 17:40:06,37.7167,-25.4333,59.41,74,78,23.02,broken clouds
212,Ishigaki,JP,2021-12-23 17:40:06,24.3448,124.1572,73.85,75,84,5.86,broken clouds
213,Kahului,US,2021-12-23 17:34:36,20.8947,-156.47,73.85,85,40,8.05,scattered clouds
214,Flinders,AU,2021-12-23 17:40:07,-34.5833,150.8552,68.18,86,83,7.7,broken clouds
215,Andenes,NO,2021-12-23 17:40:07,69.3143,16.1194,24.78,80,40,4.61,light snow
216,Mayo,US,2021-12-23 17:40:08,38.8876,-76.5119,40.78,48,1,5.99,clear sky
217,Naze,JP,2021-12-23 17:40:08,28.3667,129.4833,65.66,91,100,17.09,light rain
218,Sambava,MG,2021-12-23 17:40:08,-14.2667,50.1667,80.17,85,24,7.49,few clouds
219,Vardo,NO,2021-12-23 17:40:09,70.3705,31.1107,26.58,93,90,31.07,heavy shower snow
220,College,US,2021-12-23 17:40:09,64.8569,-147.8028,6.75,84,90,4.61,light snow
221,Sakakah,SA,2021-12-23 17:40:09,29.9697,40.2064,56.77,42,100,4.47,overcast clouds
222,Eichenzell,DE,2021-12-23 17:41:10,50.4934,9.6961,36.99,89,100,4.0,overcast clouds
223,Turukhansk,RU,2021-12-23 17:41:10,65.8167,87.9833,7.99,66,100,19.71,overcast clouds
224,Kruisfontein,ZA,2021-12-23 17:41:11,-34.0033,24.7314,59.88,85,100,5.37,overcast clouds
225,Kaeo,NZ,2021-12-23 17:41:11,-35.1,173.7833,67.32,88,94,3.44,overcast clouds
226,Tonstad,NO,2021-12-23 17:41:11,58.6626,6.7169,37.24,98,63,4.54,broken clouds
227,Brumadinho,BR,2021-12-23 17:41:12,-20.1433,-44.1997,83.48,73,87,7.02,overcast clouds
228,Bolobo,CD,2021-12-23 17:41:12,-2.1667,16.2333,73.96,92,100,2.55,light rain
229,Biedenkopf,DE,2021-12-23 17:41:12,50.9167,8.5333,36.1,85,100,9.64,overcast clouds
230,Pimentel,PE,2021-12-23 17:41:13,-6.8367,-79.9342,82.69,47,0,13.8,clear sky
231,Troitskoye,RU,2021-12-23 17:41:13,52.9821,84.6757,15.91,84,96,4.14,overcast clouds
232,Kovdor,RU,2021-12-23 17:41:13,67.5662,30.4758,14.32,83,100,13.02,overcast clouds
233,Sao Joao Da Barra,BR,2021-12-23 17:41:14,-21.6403,-41.0511,77.09,83,97,14.23,overcast clouds
234,Katsuura,JP,2021-12-23 17:41:14,35.1333,140.3,51.19,61,83,18.28,broken clouds
235,Mgachi,RU,2021-12-23 17:41:15,51.05,142.2667,-1.61,99,100,8.93,light snow
236,Chynov,CZ,2021-12-23 17:41:15,49.4068,14.8112,33.3,69,100,6.06,light snow
237,Guasdualito,VE,2021-12-23 17:41:15,7.2424,-70.7324,87.8,62,40,6.91,scattered clouds
238,Burnie,AU,2021-12-23 17:41:16,-41.0667,145.9167,54.95,83,45,2.93,scattered clouds
239,Bubaque,GW,2021-12-23 17:41:16,11.2833,-15.8333,80.58,66,6,13.78,clear sky
240,Kieta,PG,2021-12-23 17:41:16,-6.2167,155.6333,79.63,83,100,2.93,overcast clouds
241,Ponta Delgada,PT,2021-12-23 17:41:17,37.7333,-25.6667,59.72,72,40,26.46,scattered clouds
242,Barcelos,PT,2021-12-23 17:41:17,41.5388,-8.6151,57.34,91,74,7.83,broken clouds
243,Ketchikan,US,2021-12-23 17:41:17,55.3422,-131.6461,25.27,74,1,3.44,clear sky
244,Mana,GF,2021-12-23 17:41:18,5.6592,-53.7767,80.24,88,97,10.45,overcast clouds
245,Aykhal,RU,2021-12-23 17:41:18,66.0,111.5,-8.54,98,62,6.29,broken clouds
246,San Juan,AR,2021-12-23 17:40:43,-31.5375,-68.5364,94.14,21,4,13.78,clear sky
247,Liverpool,GB,2021-12-23 17:41:18,53.4106,-2.9779,51.13,93,75,4.0,broken clouds
248,Cabo San Lucas,MX,2021-12-23 17:34:42,22.8909,-109.9124,77.31,46,40,0.0,scattered clouds
249,Yulara,AU,2021-12-23 17:33:26,-25.2406,130.9889,75.04,57,100,6.91,overcast clouds
250,Bethel,US,2021-12-23 17:41:19,41.3712,-73.414,36.48,41,1,1.99,clear sky
251,Grand Gaube,MU,2021-12-23 17:41:19,-20.0064,57.6608,81.0,83,100,1.99,overcast clouds
252,Quatre Cocos,MU,2021-12-23 17:41:20,-20.2078,57.7625,80.71,81,100,8.46,overcast clouds
253,Bembereke,BJ,2021-12-23 17:41:20,10.2283,2.6634,81.66,21,3,4.83,clear sky
254,Maguling,PH,2021-12-23 17:41:21,6.095,124.4033,77.49,83,100,3.33,overcast clouds
255,Tahoua,NE,2021-12-23 17:41:21,14.8888,5.2692,75.9,15,33,11.25,scattered clouds
256,Loubomo,CG,2021-12-23 17:41:21,-4.1997,12.6739,71.94,97,100,2.42,overcast clouds
257,Praia,CV,2021-12-23 17:41:22,14.9215,-23.5087,81.14,54,0,17.27,clear sky
258,Abnub,EG,2021-12-23 17:41:22,27.2696,31.1511,59.22,55,100,10.58,overcast clouds
259,Jonava,LT,2021-12-23 17:41:23,55.0833,24.2833,26.73,81,90,4.0,overcast clouds
260,Dhenkanal,IN,2021-12-23 17:41:23,20.6667,85.6,58.78,49,0,1.25,clear sky
261,Alyangula,AU,2021-12-23 17:41:23,-13.8483,136.4192,78.67,100,94,4.61,overcast clouds
262,Lagoa,PT,2021-12-23 17:41:24,39.05,-27.9833,58.55,68,76,35.19,broken clouds
263,Dikson,RU,2021-12-23 17:41:24,73.5069,80.5464,8.91,83,100,26.75,overcast clouds
264,Prado,BR,2021-12-23 17:41:24,-17.3411,-39.2208,81.55,88,95,11.52,light rain
265,Goulburn,AU,2021-12-23 17:41:25,-34.75,149.7167,59.16,97,100,6.13,overcast clouds
266,Port Elizabeth,ZA,2021-12-23 17:32:17,-33.918,25.5701,63.1,88,90,8.05,overcast clouds
267,Parrita,CR,2021-12-23 17:42:25,9.5201,-84.3225,89.98,67,37,7.31,scattered clouds
268,Vestmannaeyjar,IS,2021-12-23 17:42:26,63.4427,-20.2734,38.39,75,0,28.77,clear sky
269,Kaitong,CN,2021-12-23 17:42:26,44.8135,123.15,-19.52,91,82,5.41,broken clouds
270,Kibala,TD,2021-12-23 17:42:26,9.1104,18.3463,87.75,30,0,0.0,clear sky
271,Phichit,TH,2021-12-23 17:42:27,16.25,100.4167,75.0,75,41,2.19,scattered clouds
272,Dunmore East,IE,2021-12-23 17:42:27,52.1514,-6.9861,51.69,96,20,14.97,few clouds
273,Estevan,CA,2021-12-23 17:42:27,49.1334,-102.9842,16.14,85,90,12.66,mist
274,Burns Lake,CA,2021-12-23 17:42:28,54.2331,-125.7533,-11.78,97,95,0.18,overcast clouds
275,Belvedere Marittimo,IT,2021-12-23 17:42:28,39.6179,15.8617,48.74,74,31,0.43,scattered clouds
276,Lima,PE,2021-12-23 17:41:45,-12.0432,-77.0282,74.14,60,76,19.57,dust
277,Mayumba,GA,2021-12-23 17:42:28,-3.432,10.6554,76.28,93,100,6.29,overcast clouds
278,Victoria,HK,2021-12-23 17:42:29,22.2855,114.1577,67.24,91,99,1.01,light rain
279,Faanui,PF,2021-12-23 17:34:38,-16.4833,-151.75,82.08,76,90,20.15,overcast clouds
280,Tessalit,ML,2021-12-23 17:42:29,20.1986,1.0114,70.54,18,54,9.89,broken clouds
281,Lingao,CN,2021-12-23 17:42:29,19.9103,109.6859,68.29,93,91,7.76,overcast clouds
282,Ust-Maya,RU,2021-12-23 17:42:30,60.4167,134.5333,-36.94,96,100,2.48,overcast clouds
283,Mahajanga,MG,2021-12-23 17:41:45,-15.7167,46.3167,84.22,79,20,8.05,few clouds
284,Yabassi,CM,2021-12-23 17:42:30,4.457,9.9682,85.64,65,74,5.93,broken clouds
285,Kiszombor,HU,2021-12-23 17:42:31,46.1833,20.4333,32.29,58,100,9.46,overcast clouds
286,Oildale,US,2021-12-23 17:42:31,35.4197,-119.0195,63.55,90,1,4.61,moderate rain
287,Songadh,IN,2021-12-23 17:42:31,21.1667,73.5667,65.57,45,0,2.39,clear sky
288,Rexburg,US,2021-12-23 17:40:45,43.826,-111.7897,36.66,93,90,9.22,mist
289,Nouakchott,MR,2021-12-23 17:42:32,18.0858,-15.9785,89.53,33,13,8.46,few clouds
290,Castro,BR,2021-12-23 17:37:37,-24.7911,-50.0119,81.23,35,48,5.61,scattered clouds
291,Vung Tau,VN,2021-12-23 17:42:32,10.346,107.0843,77.34,81,98,16.73,overcast clouds
292,Ngunguru,NZ,2021-12-23 17:42:32,-35.6167,174.5,67.15,85,100,14.45,overcast clouds
293,Acapulco,MX,2021-12-23 17:42:33,16.8634,-99.8901,84.02,65,1,0.0,clear sky
294,Esperance,AU,2021-12-23 17:42:33,-33.8667,121.9,58.84,81,63,7.09,broken clouds
295,Ancud,CL,2021-12-23 17:42:33,-41.8697,-73.8203,70.43,71,63,11.54,broken clouds
296,Tres Arroyos,AR,2021-12-23 17:42:34,-38.3739,-60.2798,90.72,21,2,7.99,clear sky
297,Tonekabon,IR,2021-12-23 17:42:34,36.8163,50.8738,48.15,92,100,9.04,overcast clouds
298,Beloha,MG,2021-12-23 17:42:34,-25.1667,45.05,75.09,72,99,7.9,overcast clouds
299,Poum,NC,2021-12-23 17:42:35,-20.2333,164.0167,79.5,78,12,8.63,few clouds
300,Anadyr,RU,2021-12-23 17:42:35,64.75,177.4833,-7.1,77,0,6.71,clear sky
301,Mirabad,AF,2021-12-23 17:42:35,30.4362,61.8383,55.35,18,17,5.68,few clouds
302,Kapit,MY,2021-12-23 17:42:36,2.0167,112.9333,73.9,99,93,0.85,overcast clouds
303,Fort-Shevchenko,KZ,2021-12-23 17:42:36,44.5086,50.263,30.94,57,98,7.99,overcast clouds
304,Chirongui,YT,2021-12-23 17:42:36,-12.9319,45.1483,84.13,76,57,10.74,broken clouds
305,Aguimes,ES,2021-12-23 17:42:37,27.9054,-15.4461,66.67,75,20,4.61,few clouds
306,Teguise,ES,2021-12-23 17:42:37,29.0605,-13.564,64.62,83,20,4.61,few clouds
307,Poykovskiy,RU,2021-12-23 17:42:37,61.2333,73.3333,-1.91,84,0,2.24,clear sky
308,Vilhena,BR,2021-12-23 17:42:38,-12.7406,-60.1458,75.42,88,40,8.05,light rain
309,Srikakulam,IN,2021-12-23 17:42:38,18.3,83.9,66.65,72,0,2.89,clear sky
310,Karasjok,NO,2021-12-23 17:42:39,69.4719,25.5112,24.91,100,50,7.34,scattered clouds
311,Nemuro,JP,2021-12-23 17:42:39,43.3236,145.575,26.65,64,23,14.45,few clouds
312,Berlevag,NO,2021-12-23 17:43:39,70.8578,29.0864,26.6,74,100,28.14,light snow
313,Auki,SB,2021-12-23 17:43:40,-8.7676,160.7034,74.98,97,98,10.02,overcast clouds
314,Kholodnyy,RU,2021-12-23 17:43:40,62.7167,147.95,-24.61,96,100,4.16,overcast clouds
315,Agirish,RU,2021-12-23 17:43:40,61.9247,63.0231,-2.76,96,42,5.32,scattered clouds
316,Coquimbo,CL,2021-12-23 17:41:44,-29.9533,-71.3436,69.53,64,0,13.8,clear sky
317,Norman Wells,CA,2021-12-23 17:43:41,65.282,-126.8329,-17.19,98,100,4.45,overcast clouds
318,Neiafu,TO,2021-12-23 17:43:41,-18.65,-173.9833,72.28,94,20,0.0,few clouds
319,Camacha,PT,2021-12-23 17:43:41,33.0833,-16.3333,63.36,72,20,8.05,few clouds
320,Bengkulu,ID,2021-12-23 17:43:42,-3.8004,102.2655,75.85,90,96,5.39,overcast clouds
321,Igrim,RU,2021-12-23 17:43:42,63.1906,64.4162,-5.48,97,31,5.79,scattered clouds
322,Zonguldak,TR,2021-12-23 17:43:42,41.25,31.8333,20.08,98,87,2.82,overcast clouds
323,Malang,ID,2021-12-23 17:43:42,-7.9797,112.6304,71.76,98,100,1.83,overcast clouds
324,Padang,ID,2021-12-23 17:43:43,-0.9492,100.3543,76.87,90,89,3.85,overcast clouds
325,Lata,PT,2021-12-23 17:43:43,40.1629,-8.3327,58.08,94,97,4.03,overcast clouds
326,Veraval,IN,2021-12-23 17:43:44,20.9,70.3667,70.34,83,0,8.66,clear sky
327,Great Yarmouth,GB,2021-12-23 17:43:44,52.6083,1.7305,51.94,96,100,14.36,overcast clouds
328,Saldanha,ZA,2021-12-23 17:43:44,-33.0117,17.9442,77.05,82,38,6.73,scattered clouds
329,Likasi,CD,2021-12-23 17:43:45,-10.9814,26.7333,65.23,93,100,2.04,moderate rain
330,Zhigalovo,RU,2021-12-23 17:43:45,54.8097,105.1578,-34.29,100,30,1.72,scattered clouds
331,Lorengau,PG,2021-12-23 17:43:45,-2.0226,147.2712,81.68,83,100,15.88,overcast clouds
332,Lishui,CN,2021-12-23 17:43:46,28.4604,119.9103,52.48,92,91,0.51,overcast clouds
333,Omboue,GA,2021-12-23 17:43:46,-1.5746,9.2618,75.79,93,100,6.87,light rain
334,Luanda,AO,2021-12-23 17:38:53,-8.8368,13.2343,77.86,79,34,12.53,scattered clouds
335,Madang,PG,2021-12-23 17:43:47,-5.2246,145.7966,76.57,92,100,7.45,moderate rain
336,Touros,BR,2021-12-23 17:43:47,-5.1989,-35.4608,90.5,64,48,12.55,scattered clouds
337,Hovd,MN,2021-12-23 17:43:47,48.0056,91.6419,5.61,72,2,5.68,clear sky
338,Irece,BR,2021-12-23 17:43:48,-11.3042,-41.8558,78.33,73,99,7.96,light rain
339,Jutai,BR,2021-12-23 17:43:48,-5.1833,-68.9,86.99,75,99,0.98,moderate rain
340,Namibe,AO,2021-12-23 17:43:48,-15.1961,12.1522,71.51,63,3,12.55,clear sky
341,Lawton,US,2021-12-23 17:43:49,34.6087,-98.3903,54.93,20,65,12.8,broken clouds
342,Luzhou,CN,2021-12-23 17:43:49,28.8724,105.4405,51.78,77,100,3.06,overcast clouds
343,Hasaki,JP,2021-12-23 17:43:50,35.7333,140.8333,37.8,69,98,17.07,overcast clouds
344,Santiago,CL,2021-12-23 17:41:01,-33.4569,-70.6483,87.28,40,0,8.05,clear sky
345,Dudinka,RU,2021-12-23 17:39:38,69.4058,86.1778,9.63,76,100,27.78,overcast clouds
346,Krivodol,BG,2021-12-23 17:43:50,43.3744,23.4844,29.48,63,52,2.62,broken clouds
347,Havre-Saint-Pierre,CA,2021-12-23 17:43:50,50.2334,-63.5986,23.59,86,90,14.97,snow
348,Lindi,TZ,2021-12-23 17:43:51,-10.0,39.7167,78.15,89,47,3.89,scattered clouds
349,Mocuba,MZ,2021-12-23 17:43:51,-16.8392,36.9856,82.63,68,98,6.51,overcast clouds
350,Bayan,CN,2021-12-23 17:43:52,46.0833,127.4,-20.85,90,74,5.46,broken clouds
351,Tabou,CI,2021-12-23 17:43:52,4.423,-7.3528,82.24,74,17,8.59,few clouds
352,Westport,US,2021-12-23 17:43:52,41.1415,-73.3579,38.08,41,1,1.99,clear sky
353,Pringsewu,ID,2021-12-23 17:43:53,-5.3582,104.9744,73.11,97,100,2.21,overcast clouds
354,Saurimo,AO,2021-12-23 17:43:53,-9.6608,20.3916,66.15,93,86,2.55,light rain
355,Bataipora,BR,2021-12-23 17:43:53,-22.2953,-53.2711,102.42,21,53,5.19,broken clouds
356,Birjand,IR,2021-12-23 17:43:54,32.8663,59.2211,37.87,32,0,4.61,clear sky
357,Ashington,GB,2021-12-23 17:43:54,50.9331,-0.3909,52.84,91,75,4.0,broken clouds
358,Lebu,CL,2021-12-23 17:44:54,-37.6167,-73.65,61.27,73,37,15.55,scattered clouds
359,Majene,ID,2021-12-23 17:44:55,-3.5403,118.9707,78.87,80,100,6.24,overcast clouds
360,Tilichiki,RU,2021-12-23 17:44:55,60.4667,166.1,-0.22,96,100,13.51,light snow
361,Salalah,OM,2021-12-23 17:44:55,17.0151,54.0924,75.29,78,0,1.14,clear sky
362,Boyolangu,ID,2021-12-23 17:44:56,-8.1181,111.8935,75.81,91,98,5.39,light rain
363,Pelotas,BR,2021-12-23 17:44:56,-31.7719,-52.3425,80.62,50,20,11.5,few clouds
364,Wanning,CN,2021-12-23 17:44:56,18.8003,110.3967,69.4,93,98,4.14,overcast clouds
365,Phalia,PK,2021-12-23 17:44:57,32.4297,73.5775,55.92,34,3,2.26,clear sky
366,Fortuna,US,2021-12-23 17:44:57,40.5982,-124.1573,52.32,97,75,3.0,light rain
367,Port Blair,IN,2021-12-23 17:44:58,11.6667,92.75,76.19,80,39,8.43,scattered clouds
368,Nanjing,CN,2021-12-23 17:44:58,32.0617,118.7778,46.31,77,1,5.39,clear sky
369,Luderitz,NA,2021-12-23 17:44:58,-26.6481,15.1594,66.54,76,20,10.54,few clouds
370,Saint George,US,2021-12-23 17:44:59,37.1041,-113.5841,57.67,68,90,0.0,overcast clouds
371,Sao Joao Do Piaui,BR,2021-12-23 17:44:59,-8.3581,-42.2467,96.13,33,79,2.66,broken clouds
372,Tyumentsevo,RU,2021-12-23 17:44:59,53.3224,81.498,32.68,98,100,12.57,light snow
373,Ziyang,CN,2021-12-23 17:45:00,29.2497,117.8547,54.88,59,74,1.36,broken clouds
374,Beira,MZ,2021-12-23 17:45:00,-19.8436,34.8389,82.49,94,40,10.0,moderate rain
375,Hobyo,SO,2021-12-23 17:45:01,5.3505,48.5268,78.04,71,68,16.33,broken clouds
376,Binika,IN,2021-12-23 17:45:01,21.0333,83.8,59.88,43,0,2.53,clear sky
377,Hirara,JP,2021-12-23 17:45:01,24.8,125.2833,73.44,82,12,9.44,few clouds
378,Eyl,SO,2021-12-23 17:45:02,7.9803,49.8164,75.88,70,100,17.58,overcast clouds
379,Panzhihua,CN,2021-12-23 17:45:02,26.5851,101.7128,47.1,84,4,0.78,clear sky
380,Itarema,BR,2021-12-23 17:45:03,-2.9248,-39.9167,86.9,61,42,15.26,scattered clouds
381,Dombarovskiy,RU,2021-12-23 17:45:03,50.7587,59.5386,0.86,93,35,9.69,scattered clouds
382,Beringovskiy,RU,2021-12-23 17:45:03,63.05,179.3167,-7.31,99,75,9.06,broken clouds
383,Vicksburg,US,2021-12-23 17:45:04,32.3526,-90.8779,62.83,48,1,8.05,clear sky
384,High Level,CA,2021-12-23 17:45:04,58.5169,-117.136,-3.89,92,90,0.0,light snow
385,Marquette,US,2021-12-23 17:45:05,46.5333,-87.6335,26.78,72,100,8.23,overcast clouds
386,Batagay,RU,2021-12-23 17:45:05,67.6333,134.6333,-46.21,99,87,3.04,overcast clouds
387,Mizdah,LY,2021-12-23 17:45:05,31.4451,12.9801,55.27,42,86,6.76,overcast clouds
388,Peoria,US,2021-12-23 17:45:06,40.7667,-89.7668,51.19,69,1,17.27,clear sky
389,Lazaro Cardenas,MX,2021-12-23 17:45:06,17.9583,-102.2,82.56,63,0,5.77,clear sky
390,Sunrise Manor,US,2021-12-23 17:45:06,36.2111,-115.0731,56.46,43,90,12.66,overcast clouds
391,Rawson,AR,2021-12-23 17:45:07,-43.3002,-65.1023,91.42,17,0,26.96,clear sky
392,Tallahassee,US,2021-12-23 17:40:17,30.4383,-84.2807,61.86,49,1,1.01,clear sky
393,Linhares,BR,2021-12-23 17:41:50,-19.3911,-40.0722,76.91,91,74,9.4,broken clouds
394,Honiara,SB,2021-12-23 17:45:07,-9.4333,159.95,77.16,92,100,6.51,overcast clouds
395,Vila,PT,2021-12-23 17:45:08,42.0304,-8.1588,47.28,93,80,5.73,broken clouds
396,Monteagudo,BO,2021-12-23 17:45:08,-19.8167,-63.9833,71.38,93,100,1.39,overcast clouds
397,Jalu,LY,2021-12-23 17:45:09,29.0331,21.5482,57.67,33,100,5.61,overcast clouds
398,Wucheng,CN,2021-12-23 17:45:09,29.6008,118.175,53.98,63,86,0.87,overcast clouds
399,Oranjemund,NA,2021-12-23 17:45:09,-28.55,16.4333,66.4,87,77,7.81,broken clouds
400,Kasongo-Lunda,CD,2021-12-23 17:45:10,-6.4667,16.8167,72.05,95,94,1.03,overcast clouds
401,Goure,NE,2021-12-23 17:45:10,13.9835,10.2704,75.02,14,10,10.13,clear sky
402,Eureka,US,2021-12-23 17:45:10,40.8021,-124.1637,52.57,96,93,1.99,light rain
403,Ankara,TR,2021-12-23 17:43:10,39.9199,32.8543,24.19,71,40,2.3,scattered clouds
404,Launceston,AU,2021-12-23 17:46:11,-41.45,147.1667,54.81,91,11,1.99,few clouds
405,Wencheng,CN,2021-12-23 17:46:11,33.0559,113.7978,38.77,79,99,10.38,overcast clouds
406,Ludvika,SE,2021-12-23 17:46:12,60.1496,15.1878,26.4,80,46,3.44,scattered clouds
407,Yerbogachen,RU,2021-12-23 17:46:12,61.2767,108.0108,-20.56,97,63,5.35,broken clouds
408,Qaqortoq,GL,2021-12-23 17:46:12,60.7167,-46.0333,39.7,58,100,9.17,overcast clouds
409,Adrar,MR,2021-12-23 17:46:13,20.5022,-10.0711,75.16,19,0,9.75,clear sky
410,Ourossogui,SN,2021-12-23 17:46:13,15.6064,-13.3211,95.0,20,0,2.3,clear sky
411,Sao Jose Dos Pinhais,BR,2021-12-23 17:46:13,-25.5347,-49.2064,77.36,56,75,8.05,broken clouds
412,Longyearbyen,SJ,2021-12-23 17:46:13,78.2186,15.6401,6.64,66,0,11.5,clear sky
413,Primorsk,UA,2021-12-23 17:46:14,46.7348,36.3443,19.11,62,67,3.47,broken clouds
414,Arman,RU,2021-12-23 17:46:14,59.7,150.1667,2.17,66,100,14.83,overcast clouds
415,Jamalpur,BD,2021-12-23 17:46:14,24.9167,89.9333,64.65,63,6,4.99,clear sky
416,Wakkanai,JP,2021-12-23 17:46:15,45.4094,141.6739,20.91,82,100,12.06,snow
417,Benguela,AO,2021-12-23 17:46:15,-12.5763,13.4055,76.78,68,82,7.29,broken clouds
418,Saint Anthony,US,2021-12-23 17:46:15,45.0205,-93.218,37.78,64,1,1.99,snow
419,Inhambane,MZ,2021-12-23 17:46:16,-23.865,35.3833,80.58,94,75,7.0,light rain
420,Akyab,MM,2021-12-23 17:46:16,20.15,92.9,64.6,79,0,7.67,clear sky
421,Dunedin,NZ,2021-12-23 17:46:17,-45.8742,170.5036,52.81,87,100,4.12,overcast clouds
422,Samarai,PG,2021-12-23 17:46:17,-10.6167,150.6667,81.25,79,83,4.54,broken clouds
423,Chicama,PE,2021-12-23 17:46:17,-7.8447,-79.1469,66.74,60,15,12.03,few clouds
424,Tautira,PF,2021-12-23 17:46:17,-17.7333,-149.15,84.22,77,99,16.98,overcast clouds
425,Inirida,CO,2021-12-23 17:46:18,3.8653,-67.9239,91.98,54,86,4.27,overcast clouds
426,Bulaevo,KZ,2021-12-23 17:46:18,54.9056,70.4439,13.78,95,100,11.95,light snow
427,Bonavista,CA,2021-12-23 17:46:19,48.6499,-53.1147,42.12,88,100,26.22,overcast clouds
428,Podor,MR,2021-12-23 17:46:19,16.6527,-14.9587,91.35,18,0,2.3,clear sky
429,Ostrovnoy,RU,2021-12-23 17:46:19,68.0531,39.5131,13.78,89,100,6.64,overcast clouds
430,Segou,ML,2021-12-23 17:46:20,13.4317,-6.2157,83.48,12,88,9.01,overcast clouds
431,Lebedinyy,RU,2021-12-23 17:46:20,58.5167,125.5167,-38.29,97,99,5.19,overcast clouds
432,Marzuq,YE,2021-12-23 17:46:20,14.4,46.4667,65.03,77,2,6.15,clear sky
433,Khandbari,NP,2021-12-23 17:46:20,27.3747,87.2039,51.89,72,51,2.04,broken clouds
434,Krasnyy Chikoy,RU,2021-12-23 17:46:21,50.3643,108.7512,-18.69,99,27,1.77,scattered clouds
435,San Bartolome,ES,2021-12-23 17:46:21,27.9248,-15.5733,59.32,77,20,4.61,few clouds
436,Iquique,CL,2021-12-23 17:46:22,-20.2208,-70.1431,73.44,79,85,5.26,overcast clouds
437,Ciudad Del Maiz,MX,2021-12-23 17:46:22,22.4,-99.6,69.6,41,2,1.36,clear sky
438,Bilibino,RU,2021-12-23 17:46:22,68.0546,166.4372,-24.02,97,100,1.03,overcast clouds
439,Creel,MX,2021-12-23 17:46:23,27.75,-107.6333,60.71,32,100,7.25,overcast clouds
440,Batemans Bay,AU,2021-12-23 17:46:23,-35.7167,150.1833,68.2,96,100,5.41,overcast clouds
441,Port Lincoln,AU,2021-12-23 17:45:15,-34.7333,135.8667,58.95,87,38,10.71,scattered clouds
442,Lakes Entrance,AU,2021-12-23 17:46:23,-37.8811,147.981,57.58,90,31,4.03,scattered clouds
443,Awbari,LY,2021-12-23 17:46:24,26.5921,12.7805,55.18,25,0,6.17,clear sky
444,Purpe,RU,2021-12-23 17:46:24,64.4803,76.6897,-0.44,96,54,11.14,broken clouds
445,Okhotsk,RU,2021-12-23 17:46:25,59.3833,143.3,-6.83,77,99,15.97,overcast clouds
446,Noumea,NC,2021-12-23 17:46:25,-22.2763,166.4572,69.78,81,10,7.07,clear sky
447,Valparaiso,CL,2021-12-23 17:42:19,-33.0393,-71.6273,69.44,69,40,8.05,scattered clouds
448,Rio Grande,BR,2021-12-23 17:45:16,-32.035,-52.0986,80.71,58,0,12.39,clear sky
449,Moroni,KM,2021-12-23 17:47:26,-11.7022,43.2551,81.3,79,100,3.49,overcast clouds
450,Deputatskiy,RU,2021-12-23 17:47:26,69.3,139.9,-35.54,98,61,5.06,broken clouds
451,Kwekwe,ZW,2021-12-23 17:47:27,-18.9281,29.8149,67.26,87,71,3.44,broken clouds
452,Tumut,AU,2021-12-23 17:47:27,-35.3,148.2167,56.39,91,15,4.23,few clouds
453,Vila Velha,BR,2021-12-23 17:47:27,-20.3297,-40.2925,80.55,90,20,13.0,few clouds
454,Nova Olimpia,BR,2021-12-23 17:47:28,-14.7972,-57.2881,73.89,98,100,2.1,heavy intensity rain
455,Kysyl-Syr,RU,2021-12-23 17:47:28,63.8986,122.7617,-36.26,100,95,2.39,overcast clouds
456,Cayenne,GF,2021-12-23 17:47:28,4.9333,-52.3333,84.24,86,99,4.0,overcast clouds
457,Ilulissat,GL,2021-12-23 17:47:28,69.2167,-51.1,28.42,86,75,4.61,broken clouds
458,Casper,US,2021-12-23 17:43:30,42.8666,-106.3131,47.01,43,1,25.01,clear sky
459,Leningradskiy,RU,2021-12-23 17:47:29,69.3833,178.4167,-18.27,92,99,6.85,overcast clouds
460,Seoul,KR,2021-12-23 17:42:50,37.5683,126.9778,31.51,86,0,3.44,clear sky
461,Uchiza,PE,2021-12-23 17:47:29,-8.4592,-76.4633,83.71,67,96,2.84,overcast clouds
462,Yabelo,ET,2021-12-23 17:47:30,4.8833,38.0833,68.72,40,64,19.33,broken clouds
463,Sorland,NO,2021-12-23 17:47:30,67.667,12.6934,30.06,62,89,29.24,overcast clouds
464,Nabire,ID,2021-12-23 17:47:31,-3.3667,135.4833,74.97,90,99,2.64,overcast clouds
465,Malkangiri,IN,2021-12-23 17:47:31,18.35,81.9,60.66,56,0,2.37,clear sky
466,Kemijarvi,FI,2021-12-23 17:47:31,66.7131,27.4306,17.19,79,100,14.09,light snow
467,Koscierzyna,PL,2021-12-23 17:47:32,54.1223,17.9812,28.36,77,100,8.84,overcast clouds
468,Arkadelphia,US,2021-12-23 17:47:32,34.1209,-93.0538,59.58,71,75,3.44,broken clouds
469,Clyde River,CA,2021-12-23 17:47:32,70.4692,-68.5914,-7.37,77,20,3.44,few clouds
470,Erenhot,CN,2021-12-23 17:47:33,43.6475,111.9767,-0.26,62,1,5.57,clear sky
471,Fort Payne,US,2021-12-23 17:47:33,34.4442,-85.7197,53.29,42,1,0.0,clear sky
472,Umm Kaddadah,SD,2021-12-23 17:47:34,13.6017,26.6876,66.96,20,0,12.3,clear sky
473,Zhangye,CN,2021-12-23 17:47:34,38.9342,100.4517,22.86,50,10,0.94,clear sky
474,Kandrian,PG,2021-12-23 17:47:34,-6.2167,149.55,77.9,87,97,4.18,overcast clouds
475,Maues,BR,2021-12-23 17:47:35,-3.3836,-57.7186,81.68,88,80,4.32,light rain
476,Basco,PH,2021-12-23 17:47:35,20.4487,121.9702,77.04,77,100,11.5,overcast clouds
477,Tokur,RU,2021-12-23 17:47:36,53.1333,132.9,-35.45,100,96,2.55,overcast clouds
478,Egvekinot,RU,2021-12-23 17:47:36,66.3167,-179.1667,-17.82,90,99,7.36,overcast clouds
479,Port-Cartier,CA,2021-12-23 17:47:36,50.0334,-66.8654,19.62,72,100,24.38,overcast clouds
480,Chara,RU,2021-12-23 17:47:36,56.9064,118.2631,-33.45,81,17,0.76,few clouds
481,Asyut,EG,2021-12-23 17:47:37,27.181,31.1837,59.18,55,100,10.31,overcast clouds
482,Ahuimanu,US,2021-12-23 17:47:37,21.4447,-157.8378,73.2,70,90,5.01,overcast clouds
483,Nuuk,GL,2021-12-23 17:47:37,64.1835,-51.7216,34.41,100,75,6.91,fog
484,Alice Springs,AU,2021-12-23 17:43:42,-23.7,133.8833,76.55,53,90,19.57,moderate rain
485,Brezice,SI,2021-12-23 17:47:38,45.9033,15.5911,43.21,82,0,10.36,clear sky
486,Muhos,FI,2021-12-23 17:47:38,64.808,25.9931,11.7,96,97,7.16,overcast clouds
487,Vao,NC,2021-12-23 17:47:39,-22.6667,167.4833,76.32,76,22,11.39,few clouds
488,Vannes,FR,2021-12-23 17:47:39,47.8333,-2.5,54.09,99,100,5.82,overcast clouds
489,Huarmey,PE,2021-12-23 17:47:40,-10.0681,-78.1522,74.41,74,10,9.46,clear sky
490,Nortelandia,BR,2021-12-23 17:47:40,-14.4547,-56.8028,74.41,97,100,3.49,heavy intensity rain
491,Ariquemes,BR,2021-12-23 17:45:04,-9.9133,-63.0408,87.6,66,99,0.81,heavy intensity rain
492,Kafue,ZM,2021-12-23 17:47:40,-15.7691,28.1814,68.22,91,72,3.65,light rain
493,Broken Hill,AU,2021-12-23 17:47:41,-31.95,141.4333,74.91,23,75,12.66,broken clouds
494,Kassala,SD,2021-12-23 17:48:41,15.451,36.4,79.23,49,65,13.56,broken clouds
495,Cap-Aux-Meules,CA,2021-12-23 17:48:42,47.3821,-61.8597,30.25,100,75,35.68,light shower snow
496,Poronaysk,RU,2021-12-23 17:48:42,49.2167,143.1167,3.24,95,100,7.25,overcast clouds
497,Pangody,RU,2021-12-23 17:48:42,65.85,74.4859,0.73,91,83,13.11,broken clouds
498,Asau,RO,2021-12-23 17:48:43,46.4333,26.4,21.76,80,60,5.5,broken clouds
499,Kattivakkam,IN,2021-12-23 17:48:43,13.2167,80.3167,76.06,74,6,5.84,heavy intensity rain
500,Saint-Medard-En-Jalles,FR,2021-12-23 17:48:44,44.8969,-0.7214,55.62,81,0,6.91,clear sky
501,Jiuquan,CN,2021-12-23 17:48:44,39.7432,98.5174,20.64,63,0,3.94,clear sky
502,Cockburn Town,TC,2021-12-23 17:48:44,21.4612,-71.1419,77.9,77,10,2.93,clear sky
503,Syracuse,IT,2021-12-23 17:48:45,37.0881,15.2792,53.31,60,73,5.95,broken clouds
504,Wick,GB,2021-12-23 17:48:45,58.4333,-3.0833,44.65,76,75,12.66,broken clouds
505,Necochea,AR,2021-12-23 17:48:45,-38.5473,-58.7368,82.13,36,0,17.27,clear sky
506,Haimen,CN,2021-12-23 17:48:46,23.1935,116.6142,62.49,86,97,7.56,overcast clouds
507,Hofn,IS,2021-12-23 17:48:46,64.2539,-15.2082,35.62,51,0,16.11,clear sky
508,Soubre,CI,2021-12-23 17:48:46,5.7856,-6.6083,86.27,39,2,2.93,clear sky
509,Axim,GH,2021-12-23 17:48:47,4.8699,-2.2405,81.82,76,59,10.31,broken clouds
510,Beyneu,KZ,2021-12-23 17:48:47,45.3167,55.2,22.1,53,57,3.36,broken clouds
511,Oshakati,NA,2021-12-23 17:48:47,-17.7833,15.6833,89.62,16,0,7.29,clear sky
512,Namyslow,PL,2021-12-23 17:48:48,51.0759,17.7228,32.52,78,100,10.18,overcast clouds
513,Balikpapan,ID,2021-12-23 17:48:48,-1.2675,116.8289,72.45,91,99,2.71,overcast clouds
514,Sabang,ID,2021-12-23 17:48:48,5.8933,95.3214,80.67,66,44,8.41,scattered clouds
515,Ler,SS,2021-12-23 17:48:49,8.3018,30.1418,83.89,31,85,5.55,overcast clouds
516,Tuatapere,NZ,2021-12-23 17:48:49,-46.1333,167.6833,50.83,78,99,2.59,overcast clouds
517,Bako,ET,2021-12-23 17:48:50,5.7833,36.5667,72.14,60,94,1.74,overcast clouds
518,Kutum,SD,2021-12-23 17:48:51,14.2,24.6667,66.49,20,0,9.08,clear sky
519,Bundaberg,AU,2021-12-23 17:48:51,-24.85,152.35,76.21,91,90,0.0,overcast clouds
520,Palmas Bellas,PA,2021-12-23 17:48:51,9.2319,-80.0867,89.1,74,59,9.89,broken clouds
521,Monkey Bay,MW,2021-12-23 17:48:52,-14.0728,34.9201,83.68,68,100,2.21,overcast clouds
522,Dalbandin,PK,2021-12-23 17:44:43,28.8947,64.4101,58.51,29,36,7.05,scattered clouds
523,Les Escoumins,CA,2021-12-23 17:48:52,48.1111,-69.0236,9.75,78,99,20.58,overcast clouds
524,Te Anau,NZ,2021-12-23 17:48:53,-45.4167,167.7167,45.16,89,93,1.36,overcast clouds
525,Tucupita,VE,2021-12-23 17:48:54,9.0622,-62.051,85.3,69,91,5.68,overcast clouds
526,Batagay-Alyta,RU,2021-12-23 17:48:54,67.8006,130.4114,-21.68,90,87,1.23,overcast clouds
527,Maun,BW,2021-12-23 17:48:54,-19.9833,23.4167,85.96,51,20,5.75,few clouds
528,Shafter,US,2021-12-23 17:48:55,35.5005,-119.2718,63.07,72,100,5.57,light rain
529,Zarubino,RU,2021-12-23 17:48:55,42.63,131.0922,11.43,54,100,12.97,overcast clouds
530,Banjar,ID,2021-12-23 17:48:55,-8.19,114.9675,80.46,89,83,0.49,heavy intensity rain
531,Marathon,US,2021-12-23 17:48:56,44.9,-89.7668,31.24,88,90,1.01,overcast clouds
532,Nokaneng,BW,2021-12-23 17:48:56,-19.6667,22.2667,83.39,28,72,4.25,broken clouds
533,Golaghat,IN,2021-12-23 17:48:57,26.5167,93.9667,55.35,81,2,0.83,clear sky
534,Chiang Klang,TH,2021-12-23 17:48:57,19.2938,100.8617,63.68,80,1,0.85,clear sky
535,Abha,SA,2021-12-23 17:48:57,18.2164,42.5053,57.02,82,0,8.05,clear sky
536,Saint-Joseph,RE,2021-12-23 17:48:58,-21.3667,55.6167,79.18,82,100,1.79,overcast clouds
537,Hercules,US,2021-12-23 17:47:57,38.0171,-122.2886,56.48,95,100,1.99,moderate rain
538,Atasu,KZ,2021-12-23 17:49:58,48.6814,71.6433,27.93,90,93,18.03,overcast clouds
539,Kindu,CD,2021-12-23 17:49:58,-2.95,25.95,70.43,98,100,2.26,overcast clouds
540,Najran,SA,2021-12-23 17:49:59,17.4924,44.1277,68.65,36,7,2.06,clear sky
541,Nerchinskiy Zavod,RU,2021-12-23 17:49:59,51.3088,119.61,-33.36,94,49,3.31,scattered clouds
542,Martapura,ID,2021-12-23 17:49:59,-3.4167,114.85,75.29,94,87,2.3,overcast clouds
543,Machachi,EC,2021-12-23 17:50:00,-0.5,-78.5667,65.75,57,47,7.85,scattered clouds
544,Mardin,TR,2021-12-23 17:50:00,37.3131,40.7436,35.71,70,75,9.22,light snow
545,Ko Samui,TH,2021-12-23 17:50:01,9.5357,99.9357,79.95,77,70,5.32,broken clouds
546,Nome,US,2021-12-23 17:50:01,64.5011,-165.4064,-5.73,84,1,0.0,clear sky
547,Whitehorse,CA,2021-12-23 17:50:01,60.7161,-135.0538,-10.43,77,90,4.61,light snow
548,Brokopondo,SR,2021-12-23 17:50:02,4.75,-55.1667,82.24,77,96,6.58,overcast clouds
549,Terrace Bay,CA,2021-12-23 17:50:02,48.7834,-87.1,10.9,88,100,9.24,overcast clouds
550,Mildura,AU,2021-12-23 17:50:02,-34.2,142.15,64.36,34,31,2.3,scattered clouds
551,Oranjestad,AW,2021-12-23 17:45:57,12.524,-70.027,84.15,74,40,18.41,scattered clouds
552,Tabas,IR,2021-12-23 17:50:03,33.5959,56.9244,50.16,27,0,1.72,clear sky
553,Tougan,BF,2021-12-23 17:50:03,13.0667,-3.0667,82.54,13,56,10.74,broken clouds
554,Garowe,SO,2021-12-23 17:50:03,8.4054,48.4845,73.18,63,53,16.82,broken clouds
555,Amurzet,RU,2021-12-23 17:50:04,47.6967,131.0981,-26.64,90,65,6.67,broken clouds
556,Ardakan,IR,2021-12-23 17:50:04,32.31,54.0175,44.98,29,15,2.06,few clouds
557,Taksimo,RU,2021-12-23 17:50:05,56.3444,114.8794,-30.8,92,43,2.53,scattered clouds
558,Gat,IL,2021-12-23 17:50:05,31.61,34.7642,56.39,100,100,9.71,overcast clouds
559,Atherton,GB,2021-12-23 17:50:06,53.5237,-2.4935,50.9,95,100,2.17,overcast clouds
560,Tomatlan,MX,2021-12-23 17:50:06,19.9333,-105.25,86.67,34,3,5.77,clear sky
561,Manzanillo,CU,2021-12-23 17:50:06,20.3433,-77.1167,75.88,68,82,12.26,broken clouds
562,Afyonkarahisar,TR,2021-12-23 17:50:06,38.75,30.6667,10.98,95,60,1.3,broken clouds
563,Sigli,ID,2021-12-23 17:50:07,5.3848,95.9609,76.75,79,16,3.27,few clouds
564,Aviles,ES,2021-12-23 17:46:54,43.5547,-5.9248,57.72,91,75,4.61,broken clouds
565,Briancon,FR,2021-12-23 17:50:07,44.9,6.65,32.38,59,74,2.89,broken clouds
566,Zhigansk,RU,2021-12-23 17:50:08,66.7697,123.3711,-44.39,98,90,3.78,overcast clouds
567,Miri,MY,2021-12-23 17:50:08,4.4148,114.0089,77.14,94,20,0.0,few clouds
568,Khasan,RU,2021-12-23 17:50:08,42.4308,130.6434,13.69,53,100,19.44,overcast clouds
569,Praia Da Vitoria,PT,2021-12-23 17:50:09,38.7333,-27.0667,59.25,77,40,23.42,scattered clouds
570,Avera,US,2021-12-23 17:50:09,33.194,-82.5271,56.37,33,0,5.1,clear sky
571,Provideniya,RU,2021-12-23 17:50:09,64.3833,-173.3,-7.11,97,89,6.04,overcast clouds
572,Cayeli,TR,2021-12-23 17:50:10,41.0923,40.7292,34.39,90,100,5.88,moderate rain
573,Alghero,IT,2021-12-23 17:50:10,40.5589,8.3181,57.29,82,20,3.44,few clouds
574,Kuruman,ZA,2021-12-23 17:50:11,-27.4524,23.4325,70.0,33,13,10.36,few clouds
575,Malumfashi,NG,2021-12-23 17:50:11,11.7853,7.6218,72.27,24,0,9.28,clear sky
576,Aripuana,BR,2021-12-23 17:50:11,-9.1667,-60.6333,86.9,63,95,1.41,overcast clouds
577,Syntul,RU,2021-12-23 17:50:12,55.0033,41.2971,8.49,93,100,8.7,overcast clouds
578,Ramshir,IR,2021-12-23 17:50:12,30.8946,49.4092,56.95,51,99,7.47,overcast clouds
579,San Marcos,US,2021-12-23 17:48:02,33.1434,-117.1661,67.5,78,90,1.01,overcast clouds
580,Sept-Iles,CA,2021-12-23 17:50:13,50.2001,-66.3821,19.92,73,75,13.8,light snow
581,Xam Nua,LA,2021-12-23 17:50:13,20.4197,104.0439,52.84,93,5,2.08,clear sky
582,Kavaratti,IN,2021-12-23 17:50:13,10.5669,72.642,79.56,64,15,1.77,few clouds
583,Upata,VE,2021-12-23 17:50:14,8.0086,-62.3989,84.4,60,100,6.2,overcast clouds
584,Hami,CN,2021-12-23 17:50:14,42.8,93.45,26.17,53,17,4.45,few clouds
585,Zhengjiatun,CN,2021-12-23 17:50:14,43.5064,123.5064,-5.48,88,51,9.64,broken clouds
586,Yar-Sale,RU,2021-12-23 17:51:15,66.8333,70.8333,-1.39,87,72,18.68,broken clouds
587,Kargat,RU,2021-12-23 17:51:15,55.1956,80.2811,32.23,97,100,11.83,light snow
588,Ambon,ID,2021-12-23 17:51:15,-3.6954,128.1814,80.13,81,90,13.0,overcast clouds
589,Srednekolymsk,RU,2021-12-23 17:51:16,67.45,153.6833,-30.93,99,99,5.37,overcast clouds
590,Bud,US,2021-12-23 17:51:16,39.447,-86.1758,47.68,53,53,15.26,broken clouds
591,Kalmunai,LK,2021-12-23 17:51:17,7.4167,81.8167,75.04,75,96,8.12,overcast clouds
592,Aligudarz,IR,2021-12-23 17:51:17,33.4006,49.6949,32.38,47,40,5.55,scattered clouds
593,Tamsweg,AT,2021-12-23 17:51:17,47.1281,13.811,31.01,63,71,3.22,broken clouds
594,Uberaba,BR,2021-12-23 17:46:58,-19.7483,-47.9319,84.78,61,40,12.66,scattered clouds
595,Niamey,NE,2021-12-23 17:51:12,13.5137,2.1098,88.09,8,0,13.8,clear sky
596,Am Timan,TD,2021-12-23 17:51:18,11.0297,20.2827,83.34,19,38,4.03,scattered clouds
597,Golpayegan,IR,2021-12-23 17:51:18,33.4537,50.2884,37.04,39,50,4.56,scattered clouds
598,Ramon,PH,2021-12-23 17:51:18,16.7842,121.535,72.16,97,37,0.45,scattered clouds
599,Qujing,CN,2021-12-23 17:51:19,25.4833,103.7833,41.43,93,38,4.97,scattered clouds
600,Mecca,SA,2021-12-23 17:51:19,21.4267,39.8261,71.11,59,22,7.65,few clouds
601,Pasighat,IN,2021-12-23 17:51:19,28.0667,95.3333,55.8,60,2,3.83,clear sky
602,Concordia,AR,2021-12-23 17:51:20,-31.393,-58.0209,89.67,25,0,9.22,clear sky
603,San Jose,US,2021-12-23 17:49:46,37.3394,-121.895,57.16,92,90,1.99,mist
604,Dongsheng,CN,2021-12-23 17:51:20,39.8161,109.9776,11.37,67,3,8.93,clear sky
605,Nangwa,TZ,2021-12-23 17:51:20,-4.4667,35.45,64.56,72,93,8.55,overcast clouds
606,Northam,GB,2021-12-23 17:51:21,51.0333,-4.2167,50.41,96,37,9.08,scattered clouds
607,Genhe,CN,2021-12-23 17:51:21,50.7833,121.5167,-27.67,95,72,3.29,broken clouds
608,Banyo,CM,2021-12-23 17:51:21,6.75,11.8167,76.39,28,65,5.99,broken clouds
609,Tawang,IN,2021-12-23 17:51:22,27.5833,91.8667,27.93,68,12,4.72,few clouds
610,Sechura,PE,2021-12-23 17:51:22,-5.5569,-80.8222,80.29,57,45,12.28,scattered clouds
611,Flin Flon,CA,2021-12-23 17:51:22,54.7682,-101.865,-4.16,77,90,6.91,light snow
612,Roebourne,AU,2021-12-23 17:51:23,-20.7833,117.1333,82.22,64,0,14.94,clear sky
613,Soavinandriana,MG,2021-12-23 17:51:23,-19.1667,46.7333,66.02,80,85,1.36,overcast clouds
614,Keita,NE,2021-12-23 17:51:23,14.7551,5.7749,74.82,15,44,8.52,scattered clouds
615,Idritsa,RU,2021-12-23 17:51:24,56.3316,28.8988,17.69,92,100,10.76,overcast clouds
616,Sijunjung,ID,2021-12-23 17:51:24,-0.6876,100.9537,71.53,98,85,1.88,overcast clouds
617,Half Moon Bay,US,2021-12-23 17:47:43,37.4636,-122.4286,57.22,95,75,1.99,mist
618,Haizhou,CN,2021-12-23 17:51:24,34.5817,119.1289,42.66,81,94,14.92,overcast clouds
619,Oriximina,BR,2021-12-23 17:51:25,-1.7656,-55.8661,90.86,52,100,3.02,overcast clouds
620,Jiexiu,CN,2021-12-23 17:51:25,37.0244,111.9125,35.85,78,100,3.89,overcast clouds
621,Kaniama,CD,2021-12-23 17:51:25,-7.5667,24.1833,65.88,99,99,3.09,overcast clouds
622,Mayor Pablo Lagerenza,PY,2021-12-23 17:51:26,-19.9309,-60.7718,91.6,50,96,4.23,overcast clouds
623,San Cristobal,VE,2021-12-23 17:51:26,7.7669,-72.225,75.38,56,80,3.36,broken clouds
624,Nizhneudinsk,RU,2021-12-23 17:51:27,54.9076,99.0276,-14.53,96,72,6.2,broken clouds
625,Husavik,IS,2021-12-23 17:51:27,66.0449,-17.3389,17.51,79,97,6.22,overcast clouds
626,Zlitan,LY,2021-12-23 17:51:27,32.4674,14.5687,60.93,65,78,8.66,broken clouds
627,Selenginsk,RU,2021-12-23 17:51:27,52.0064,106.8647,-21.59,94,10,4.45,clear sky
628,Alofi,NU,2021-12-23 17:51:28,-19.0595,-169.9187,73.29,94,12,5.75,few clouds
629,Kendari,ID,2021-12-23 17:51:28,-3.945,122.4989,75.49,90,100,4.25,overcast clouds
630,Spirit River,CA,2021-12-23 17:51:29,55.7833,-118.8361,3.72,95,100,6.02,light snow
631,At-Bashi,KG,2021-12-23 17:51:29,41.1702,75.8106,12.24,77,79,1.23,broken clouds
632,Baicheng,CN,2021-12-23 17:52:29,45.6167,122.8167,-13.7,73,14,7.47,few clouds
633,Inongo,CD,2021-12-23 17:52:30,-1.95,18.2667,74.73,92,100,3.8,overcast clouds
634,Santa Ana,US,2021-12-23 17:52:30,33.7456,-117.8678,59.22,83,90,1.01,haze
635,Gouyave,GD,2021-12-23 17:52:30,12.1646,-61.7296,84.97,66,20,23.02,few clouds
636,Vestmanna,FO,2021-12-23 17:52:30,62.1564,-7.1664,34.72,75,80,1.14,broken clouds
637,Hambantota,LK,2021-12-23 17:52:31,6.1241,81.1185,76.55,78,98,12.03,overcast clouds
638,Nalut,LY,2021-12-23 17:52:31,30.3333,10.85,57.04,32,24,5.3,few clouds
639,Cao Bang,VN,2021-12-23 17:52:31,22.6667,106.25,56.93,83,0,0.63,clear sky
640,Guajara,BR,2021-12-23 17:52:32,-2.9667,-57.6667,85.68,74,88,1.92,moderate rain
641,Olafsvik,IS,2021-12-23 17:52:32,64.8945,-23.7142,34.41,72,92,12.39,overcast clouds
642,New Milford,US,2021-12-23 17:52:32,40.9327,-74.0179,38.91,50,28,4.0,scattered clouds
643,Luwuk,ID,2021-12-23 17:52:33,-0.9516,122.7875,77.86,79,87,3.76,overcast clouds
644,Xuanwu,CN,2021-12-23 17:52:33,32.069,118.8138,46.35,78,1,5.48,clear sky
645,Kenai,US,2021-12-23 17:48:04,60.5544,-151.2583,33.85,75,1,18.41,clear sky
646,Mananjary,MG,2021-12-23 17:52:34,-21.2167,48.3333,79.65,90,100,2.59,overcast clouds
647,Riyadh,SA,2021-12-23 17:52:34,24.6877,46.7219,62.74,25,52,10.0,broken clouds
648,Nor Geghi,AM,2021-12-23 17:52:34,40.321,44.5803,24.46,88,100,1.28,overcast clouds
649,Nikolayevsk-Na-Amure,RU,2021-12-23 17:52:34,53.1406,140.73,-8.88,98,100,4.81,overcast clouds
650,Cumbitara,CO,2021-12-23 17:52:35,1.6517,-77.5823,70.92,82,92,4.41,light rain
651,Aguilas,ES,2021-12-23 17:52:35,37.4063,-1.5829,62.2,87,84,2.19,broken clouds
652,Isiro,CD,2021-12-23 17:52:35,2.7739,27.616,71.4,76,100,1.05,light rain
653,Zhaodong,CN,2021-12-23 17:52:36,46.0833,125.9833,-14.78,94,63,5.86,broken clouds
654,Kamakwie,SL,2021-12-23 17:52:36,9.5,-12.2333,88.34,23,23,4.65,few clouds
655,Marshfield,US,2021-12-23 17:52:36,44.6689,-90.1718,31.44,86,20,12.66,few clouds
656,Paamiut,GL,2021-12-23 17:52:37,61.994,-49.6678,31.46,86,100,1.59,overcast clouds
657,Ngama,TD,2021-12-23 17:52:37,11.7833,17.1667,81.64,18,1,8.75,clear sky
658,Sterling,US,2021-12-23 17:52:37,39.0062,-77.4286,41.86,48,1,1.01,clear sky
659,Ardatov,RU,2021-12-23 17:52:38,55.2421,43.097,7.83,95,97,9.55,overcast clouds
660,Russell,US,2021-12-23 17:52:38,32.3502,-85.1999,60.51,43,1,3.44,clear sky
661,Prince Rupert,CA,2021-12-23 17:50:58,54.3161,-130.3201,29.89,89,90,4.61,overcast clouds
662,Namatanai,PG,2021-12-23 17:52:38,-3.6667,152.4333,80.19,83,100,5.97,light rain
663,La Rinconada,ES,2021-12-23 17:52:39,37.4873,-5.9826,59.85,94,75,4.61,broken clouds
664,Kavieng,PG,2021-12-23 17:52:39,-2.5744,150.7967,80.76,78,100,4.16,moderate rain
665,Kampot,KH,2021-12-23 17:52:39,10.6167,104.1833,77.05,89,95,4.07,overcast clouds
666,Ulladulla,AU,2021-12-23 17:52:40,-35.35,150.4667,64.76,96,100,10.51,overcast clouds
667,Brockville,CA,2021-12-23 17:52:40,44.5834,-75.6826,21.65,69,52,3.0,broken clouds
668,Kozhva,RU,2021-12-23 17:52:40,65.1073,57.0459,-6.65,91,98,11.68,overcast clouds
669,Nanlong,CN,2021-12-23 17:52:41,31.3533,106.0631,46.92,83,64,2.98,broken clouds
670,Barauli,IN,2021-12-23 17:52:41,26.4,84.5833,60.37,38,0,4.09,clear sky
671,Faya,SA,2021-12-23 17:52:41,18.3851,42.4509,57.31,73,12,4.97,few clouds
672,Ust-Barguzin,RU,2021-12-23 17:52:42,53.45,108.9833,-15.72,94,96,6.67,overcast clouds
673,Porto Velho,BR,2021-12-23 17:49:55,-8.7619,-63.9039,87.85,66,0,4.61,clear sky
674,Nelson Bay,AU,2021-12-23 17:52:42,-32.7167,152.15,70.0,93,26,7.34,scattered clouds
675,Imeni Babushkina,RU,2021-12-23 17:52:42,59.7573,43.1285,12.51,92,100,9.48,overcast clouds
676,Boa Vista,BR,2021-12-23 17:53:43,2.8197,-60.6733,87.78,58,75,8.05,broken clouds
